feature,mean_0,lo_0,hi_0,mean_1,lo_1,hi_1,ci_overlap
age,56.58064516129032,56.05029032258064,57.094258064516126,52.4427570093458,51.79778037383177,53.06895443925234,False
trestbps,134.21032258064517,132.9313548387097,135.44196774193549,129.26752336448598,128.2192757009346,130.3026285046729,False
chol,251.21935483870968,247.74935483870968,254.62251612903225,241.46144859813083,237.59205607476636,244.99684579439253,False
thalach,139.12,137.55251612903226,140.70774193548388,158.53971962616822,157.26723130841123,159.7972546728972,False
oldpeak,1.5949677419354837,1.5087548387096772,1.6944548387096774,0.5750000000000001,0.5224211448598131,0.6289719626168224,False
