tier,accuracy,n_features
Tier 1  ($0),0.6574923547400612,1
Tier 1+2 ($50),0.8654434250764526,4
Tier 1+2+3 ($310),0.9694189602446484,9
Full ($1010),0.9694189602446484,11
