feature,mean_no,mean_yes,diff,r_with_target
age,56.58064516129032,52.4427570093458,4.137888151944523,0.22788632413460275
chol,251.21935483870968,241.46144859813083,9.757906240578848,0.09437516607138537
oldpeak,1.5949677419354837,0.5750000000000001,1.0199677419354836,0.43575100242963244
thalach,139.12,158.53971962616822,19.419719626168217,0.4225880385000361
trestbps,134.21032258064517,129.26752336448598,4.942799216159187,0.14097972321299507
