feature,mean_0,lo_0,hi_0,mean_1,lo_1,hi_1,ci_overlap
age,56.58064516129032,56.01538709677419,57.11496774193549,52.4427570093458,51.800233644859816,53.033907710280374,False
trestbps,134.21032258064517,132.98190322580643,135.5291935483871,129.26752336448598,128.2393691588785,130.40073014018694,False
chol,251.21935483870968,247.76287096774192,254.8451935483871,241.46144859813083,238.01796144859816,245.19769275700935,False
thalach,139.12,137.60109677419354,140.77945161290322,158.53971962616822,157.12260514018692,159.86103971962618,False
oldpeak,1.5949677419354837,1.5139225806451613,1.6863290322580646,0.5750000000000001,0.5212587616822429,0.6276869158878504,False
