feature,mean_0,lo_0,hi_0,mean_1,lo_1,hi_1,ci_overlap
age,56.58064516129032,56.0348064516129,57.10064516129032,52.4427570093458,51.83002336448598,53.12272196261682,False
trestbps,134.21032258064517,132.8554516129032,135.4375806451613,129.26752336448598,128.22193341121493,130.3341413551402,False
chol,251.21935483870968,247.91799999999998,254.72887096774193,241.46144859813083,237.81533294392523,245.16863317757011,False
thalach,139.12,137.53274193548387,140.67619354838712,158.53971962616822,157.24629088785045,159.81092289719626,False
oldpeak,1.5949677419354837,1.499464516129032,1.6825838709677419,0.5750000000000001,0.5224240654205606,0.6282768691588785,False
